{"cameraMode":{"drawMode":0,"name":"Shaded","section":"Shading Mode"},"sceneLighting":true,"audioPlay":false,"sceneViewState":{"showFog":true,"showMaterialUpdate":false,"showSkybox":true,"showFlares":true,"showImageEffects":true,"showParticleSystems":true},"in2DMode":false,"pivot":{"x":-2.543092727661133,"y":-4.088910102844238,"z":-0.6057376861572266},"rotation":{"x":-0.2233487069606781,"y":-0.11316608637571335,"z":0.026116007938981057,"w":-0.9677957892417908},"size":1.1722049713134766,"orthographic":false}